"slope_diff","test_statistic","df_welch","p_value"
0.64583333333334,0.274425850416897,293.73830080503,0.391975138885299
